"","baseMean","log2FoldChange","lfcSE","stat","pvalue","padj"
"MC4R",42,-3.33664894947723,0.415985763037996,-8.02106525259246,1.04832017068425e-15,3.87878463153174e-14
"LEPR",31,3.18081297624229,0.489115427161437,6.50319495073385,7.86317847213167e-11,1.45468801734436e-09
"SIM1",36.4,-1.999999650163,0.337008175262448,-5.93457309635139,2.94611055404022e-09,3.17390539921505e-08
"UBR2",78.8,-0.99025194893815,0.167569188097728,-5.90951093204932,3.43124908023248e-09,3.17390539921505e-08
"SH2B1",53.4,0.987400027075781,0.178397027992983,5.53484572127862,3.11502423207027e-08,2.305117931732e-07
"POMC",56,0.708697933151777,0.172632083246013,4.10525042521691,4.03877115055897e-05,0.00024905755428447
"FTO",32.6,-1.56342885420236,0.395002469078837,-3.95802299121913,7.55726849207126e-05,0.000399455620295195
"PCSK1",55.8,0.636677602040189,0.172812756519857,3.68420488661688,0.000229417653864802,0.00106105664912471
