"","baseMean","log2FoldChange","lfcSE","stat","pvalue","padj"
"MC4R",42,-3.33664894947723,0.415985763037996,-8.02106525259246,1.04832017068425e-15,3.87878463153174e-14
"LEPR",31,3.18081297624229,0.489115427161437,6.50319495073385,7.86317847213167e-11,1.45468801734436e-09
"SIM1",36.4,-1.999999650163,0.337008175262448,-5.93457309635139,2.94611055404022e-09,3.17390539921505e-08
"FTO",32.6,-1.56342885420236,0.395002469078837,-3.95802299121913,7.55726849207126e-05,0.000399455620295195
